,subject,sex,T3_AGE,trial,recall,skill
3,1004,Female,84.73100616,0,9,3
3.1,1004,Female,84.73100616,1,10,7
3.2,1004,Female,84.73100616,2,14,9
3.3,1004,Female,84.73100616,3,15,9
3.4,1004,Female,84.73100616,4,19,10
3.5,1004,Female,84.73100616,5,18,10
3.6,1004,Female,84.73100616,6,20,9
5,1006,Female,70.75427789,0,6,3
5.1,1006,Female,70.75427789,1,10,5
5.2,1006,Female,70.75427789,2,14,6
5.3,1006,Female,70.75427789,3,17,4
5.4,1006,Female,70.75427789,4,19,6
5.5,1006,Female,70.75427789,5,22,5
5.6,1006,Female,70.75427789,6,25,7
7,1008,Male,71.93155373,0,3,10
7.1,1008,Male,71.93155373,1,9,12
7.2,1008,Male,71.93155373,2,15,13
7.3,1008,Male,71.93155373,3,20,13
7.4,1008,Male,71.93155373,4,20,12
7.5,1008,Male,71.93155373,5,19,14
7.6,1008,Male,71.93155373,6,21,14
8,1009,Male,73.54962355,0,5,7
8.1,1009,Male,73.54962355,1,15,7
8.2,1009,Male,73.54962355,2,16,7
8.3,1009,Male,73.54962355,3,16,9
8.4,1009,Male,73.54962355,4,19,11
8.5,1009,Male,73.54962355,5,20,14
8.6,1009,Male,73.54962355,6,22,13
9,1010,Female,77.88364134,0,3,4
9.1,1010,Female,77.88364134,1,6,7
9.2,1010,Female,77.88364134,2,9,7
9.3,1010,Female,77.88364134,3,15,8
9.4,1010,Female,77.88364134,4,17,8
9.5,1010,Female,77.88364134,5,17,7
9.6,1010,Female,77.88364134,6,21,8
10,1011,Male,81.87816564,0,6,2
10.1,1011,Male,81.87816564,1,13,3
10.2,1011,Male,81.87816564,2,12,6
10.3,1011,Male,81.87816564,3,18,6
10.4,1011,Male,81.87816564,4,18,7
10.5,1011,Male,81.87816564,5,16,7
10.6,1011,Male,81.87816564,6,16,9
11,1012,Female,78.45585216,0,8,2
11.1,1012,Female,78.45585216,1,11,6
11.2,1012,Female,78.45585216,2,13,8
11.3,1012,Female,78.45585216,3,14,11
11.4,1012,Female,78.45585216,4,15,11
11.5,1012,Female,78.45585216,5,20,11
11.6,1012,Female,78.45585216,6,22,12
14,1015,Male,76.96919918,0,3,7
14.1,1015,Male,76.96919918,1,6,8
14.2,1015,Male,76.96919918,2,12,10
14.3,1015,Male,76.96919918,3,13,9
14.4,1015,Male,76.96919918,4,17,7
14.5,1015,Male,76.96919918,5,14,9
14.6,1015,Male,76.96919918,6,17,9
15,1016,Female,73.39904175,0,5,5
15.1,1016,Female,73.39904175,1,6,5
15.2,1016,Female,73.39904175,2,8,5
15.3,1016,Female,73.39904175,3,11,7
15.4,1016,Female,73.39904175,4,10,6
15.5,1016,Female,73.39904175,5,12,10
15.6,1016,Female,73.39904175,6,12,10
18,1019,Female,80.98562628,0,5,4
18.1,1019,Female,80.98562628,1,10,5
18.2,1019,Female,80.98562628,2,10,4
18.3,1019,Female,80.98562628,3,16,4
18.4,1019,Female,80.98562628,4,15,4
18.5,1019,Female,80.98562628,5,14,4
18.6,1019,Female,80.98562628,6,15,3
19,1020,Female,80.1779603,0,2,5
19.1,1020,Female,80.1779603,1,8,7
19.2,1020,Female,80.1779603,2,11,8
19.3,1020,Female,80.1779603,3,14,10
19.4,1020,Female,80.1779603,4,14,9
19.5,1020,Female,80.1779603,5,11,9
19.6,1020,Female,80.1779603,6,10,8
22,1023,Female,79.52908966,0,6,0
22.1,1023,Female,79.52908966,1,13,4
22.2,1023,Female,79.52908966,2,16,2
22.3,1023,Female,79.52908966,3,15,4
22.4,1023,Female,79.52908966,4,17,4
22.5,1023,Female,79.52908966,5,17,4
22.6,1023,Female,79.52908966,6,18,4
24,1025,Male,78.51882272,0,10,9
24.1,1025,Male,78.51882272,1,11,8
24.2,1025,Male,78.51882272,2,14,13
24.3,1025,Male,78.51882272,3,15,15
24.4,1025,Male,78.51882272,4,15,14
24.5,1025,Male,78.51882272,5,15,16
24.6,1025,Male,78.51882272,6,17,14
27,1028,Female,77.26488706,0,7,0
27.1,1028,Female,77.26488706,1,9,0
27.2,1028,Female,77.26488706,2,11,1
27.3,1028,Female,77.26488706,3,12,2
27.4,1028,Female,77.26488706,4,12,0
27.5,1028,Female,77.26488706,5,12,1
27.6,1028,Female,77.26488706,6,19,3
29,1030,Male,72.1615332,0,4,2
29.1,1030,Male,72.1615332,1,7,5
29.2,1030,Male,72.1615332,2,10,4
29.3,1030,Male,72.1615332,3,11,6
29.4,1030,Male,72.1615332,4,9,5
29.5,1030,Male,72.1615332,5,15,8
29.6,1030,Male,72.1615332,6,15,10
33,1034,Female,72.67351129,0,9,6
33.1,1034,Female,72.67351129,1,12,7
33.2,1034,Female,72.67351129,2,15,8
33.3,1034,Female,72.67351129,3,21,9
33.4,1034,Female,72.67351129,4,20,10
33.5,1034,Female,72.67351129,5,20,8
33.6,1034,Female,72.67351129,6,23,11
37,1038,Male,72.39425051,0,7,5
37.1,1038,Male,72.39425051,1,10,9
37.2,1038,Male,72.39425051,2,16,9
37.3,1038,Male,72.39425051,3,20,9
37.4,1038,Male,72.39425051,4,16,11
37.5,1038,Male,72.39425051,5,21,12
37.6,1038,Male,72.39425051,6,22,11
38,1039,Male,84.81587953,0,6,2
38.1,1039,Male,84.81587953,1,11,2
38.2,1039,Male,84.81587953,2,10,5
38.3,1039,Male,84.81587953,3,14,5
38.4,1039,Male,84.81587953,4,13,5
38.5,1039,Male,84.81587953,5,13,6
38.6,1039,Male,84.81587953,6,13,7
41,1042,Male,80.90075291,0,2,3
41.1,1042,Male,80.90075291,1,8,3
41.2,1042,Male,80.90075291,2,10,2
41.3,1042,Male,80.90075291,3,12,6
41.4,1042,Male,80.90075291,4,11,7
41.5,1042,Male,80.90075291,5,10,7
41.6,1042,Male,80.90075291,6,11,9
42,1043,Female,84.04106776,0,4,3
42.1,1043,Female,84.04106776,1,12,2
42.2,1043,Female,84.04106776,2,12,2
42.3,1043,Female,84.04106776,3,13,4
42.4,1043,Female,84.04106776,4,15,4
42.5,1043,Female,84.04106776,5,15,5
42.6,1043,Female,84.04106776,6,18,6
43,1044,Female,77.34154689,0,4,7
43.1,1044,Female,77.34154689,1,12,11
43.2,1044,Female,77.34154689,2,17,13
43.3,1044,Female,77.34154689,3,19,14
43.4,1044,Female,77.34154689,4,22,16
43.5,1044,Female,77.34154689,5,23,15
43.6,1044,Female,77.34154689,6,24,15
46,1047,Male,81.28405202,0,3,4
46.1,1047,Male,81.28405202,1,8,7
46.2,1047,Male,81.28405202,2,10,8
46.3,1047,Male,81.28405202,3,14,9
49,1050,Male,77.06502396,0,5,6
49.1,1050,Male,77.06502396,1,9,9
49.2,1050,Male,77.06502396,2,13,12
49.3,1050,Male,77.06502396,3,13,10
49.4,1050,Male,77.06502396,4,18,11
49.5,1050,Male,77.06502396,5,21,13
49.6,1050,Male,77.06502396,6,25,14
52,1053,Male,78.45311431,0,2,6
52.1,1053,Male,78.45311431,1,7,6
52.2,1053,Male,78.45311431,2,8,7
52.3,1053,Male,78.45311431,3,11,7
52.4,1053,Male,78.45311431,4,10,9
52.5,1053,Male,78.45311431,5,10,8
52.6,1053,Male,78.45311431,6,14,12
56,1057,Female,83.34839151,0,2,3
56.1,1057,Female,83.34839151,1,7,3
56.2,1057,Female,83.34839151,2,8,3
56.3,1057,Female,83.34839151,3,12,6
56.4,1057,Female,83.34839151,4,13,3
56.5,1057,Female,83.34839151,5,13,7
56.6,1057,Female,83.34839151,6,17,6
59,2003,Female,75.43874059,0,7,6
59.1,2003,Female,75.43874059,1,12,8
59.2,2003,Female,75.43874059,2,14,11
59.3,2003,Female,75.43874059,3,16,13
59.4,2003,Female,75.43874059,4,13,10
59.5,2003,Female,75.43874059,5,19,15
59.6,2003,Female,75.43874059,6,20,15
60,2004,Male,76.41341547,0,7,9
60.1,2004,Male,76.41341547,1,16,13
60.2,2004,Male,76.41341547,2,18,14
60.3,2004,Male,76.41341547,3,21,15
60.4,2004,Male,76.41341547,4,18,17
60.5,2004,Male,76.41341547,5,22,16
60.6,2004,Male,76.41341547,6,22,14
61,2005,Female,73.57152635,0,13,7
61.1,2005,Female,73.57152635,1,20,10
61.2,2005,Female,73.57152635,2,23,11
61.3,2005,Female,73.57152635,3,24,11
61.4,2005,Female,73.57152635,4,25,12
61.5,2005,Female,73.57152635,5,26,15
61.6,2005,Female,73.57152635,6,24,15
62,2006,Female,80.8788501,0,4,4
62.1,2006,Female,80.8788501,1,5,7
62.2,2006,Female,80.8788501,2,7,8
62.3,2006,Female,80.8788501,3,7,9
62.4,2006,Female,80.8788501,4,9,11
62.5,2006,Female,80.8788501,5,11,10
62.6,2006,Female,80.8788501,6,11,10
63,2007,Female,73.5523614,0,11,4
63.1,2007,Female,73.5523614,1,21,6
63.2,2007,Female,73.5523614,2,23,5
63.3,2007,Female,73.5523614,3,24,6
63.4,2007,Female,73.5523614,4,22,4
63.5,2007,Female,73.5523614,5,23,5
63.6,2007,Female,73.5523614,6,26,8
64,2008,Female,73.83709788,0,4,7
64.1,2008,Female,73.83709788,1,8,10
64.2,2008,Female,73.83709788,2,11,11
64.3,2008,Female,73.83709788,3,8,10
64.4,2008,Female,73.83709788,4,8,11
64.5,2008,Female,73.83709788,5,10,12
64.6,2008,Female,73.83709788,6,13,14
65,2009,Female,70.35181383,0,9,6
65.1,2009,Female,70.35181383,1,15,9
65.2,2009,Female,70.35181383,2,18,8
65.3,2009,Female,70.35181383,3,17,10
65.4,2009,Female,70.35181383,4,20,13
65.5,2009,Female,70.35181383,5,22,14
65.6,2009,Female,70.35181383,6,23,14
66,2010,Male,71.37303217,0,5,2
66.1,2010,Male,71.37303217,1,12,3
66.2,2010,Male,71.37303217,2,15,4
66.3,2010,Male,71.37303217,3,18,3
66.4,2010,Male,71.37303217,4,16,4
66.5,2010,Male,71.37303217,5,23,4
66.6,2010,Male,71.37303217,6,24,5
67,2011,Female,71.09924709,0,6,3
67.1,2011,Female,71.09924709,1,9,5
67.2,2011,Female,71.09924709,2,12,4
67.3,2011,Female,71.09924709,3,15,5
67.4,2011,Female,71.09924709,4,13,5
67.5,2011,Female,71.09924709,5,19,6
67.6,2011,Female,71.09924709,6,20,7
75,2019,Female,81.80698152,0,5,4
75.1,2019,Female,81.80698152,1,10,5
75.2,2019,Female,81.80698152,2,11,7
75.3,2019,Female,81.80698152,3,14,8
75.4,2019,Female,81.80698152,4,14,6
75.5,2019,Female,81.80698152,5,17,9
75.6,2019,Female,81.80698152,6,16,10
76,2020,Female,77.57700205,0,4,6
76.1,2020,Female,77.57700205,1,9,8
76.2,2020,Female,77.57700205,2,13,9
76.3,2020,Female,77.57700205,3,14,9
76.4,2020,Female,77.57700205,4,16,9
76.5,2020,Female,77.57700205,5,21,10
76.6,2020,Female,77.57700205,6,20,11
79,2023,Female,76.3613963,0,3,7
79.1,2023,Female,76.3613963,1,16,10
79.2,2023,Female,76.3613963,2,22,12
79.3,2023,Female,76.3613963,3,25,11
79.4,2023,Female,76.3613963,4,27,13
79.5,2023,Female,76.3613963,5,27,13
79.6,2023,Female,76.3613963,6,27,10
80,2024,Male,70.34360027,0,6,8
80.1,2024,Male,70.34360027,1,12,12
80.2,2024,Male,70.34360027,2,17,14
80.3,2024,Male,70.34360027,3,19,13
80.4,2024,Male,70.34360027,4,21,14
80.5,2024,Male,70.34360027,5,22,15
80.6,2024,Male,70.34360027,6,24,16
82,2026,Male,77.67008898,0,4,2
82.1,2026,Male,77.67008898,1,7,5
82.2,2026,Male,77.67008898,2,9,3
82.3,2026,Male,77.67008898,3,8,5
82.4,2026,Male,77.67008898,4,7,4
82.5,2026,Male,77.67008898,5,9,4
82.6,2026,Male,77.67008898,6,8,5
85,2029,Female,76.3449692,0,7,4
85.1,2029,Female,76.3449692,1,13,5
85.2,2029,Female,76.3449692,2,16,7
85.3,2029,Female,76.3449692,3,20,10
85.4,2029,Female,76.3449692,4,25,8
85.5,2029,Female,76.3449692,5,26,10
85.6,2029,Female,76.3449692,6,27,12
86,2030,Male,72.0164271,0,3,5
86.1,2030,Male,72.0164271,1,10,6
86.2,2030,Male,72.0164271,2,9,7
86.3,2030,Male,72.0164271,3,11,5
86.4,2030,Male,72.0164271,4,11,7
86.5,2030,Male,72.0164271,5,13,7
86.6,2030,Male,72.0164271,6,13,6
87.1,2031,Male,71.88501027,1,5,10
87.2,2031,Male,71.88501027,2,4,11
87.3,2031,Male,71.88501027,3,7,13
87.4,2031,Male,71.88501027,4,10,14
87.5,2031,Male,71.88501027,5,8,12
87.6,2031,Male,71.88501027,6,10,14
88,2033,Female,83.08281999,0,7,3
88.1,2033,Female,83.08281999,1,11,3
88.2,2033,Female,83.08281999,2,11,4
88.3,2033,Female,83.08281999,3,13,4
88.4,2033,Female,83.08281999,4,14,4
88.5,2033,Female,83.08281999,5,16,8
88.6,2033,Female,83.08281999,6,18,9
90,2036,Male,76.14784394,0,4,6
90.1,2036,Male,76.14784394,1,5,6
90.2,2036,Male,76.14784394,2,6,7
90.3,2036,Male,76.14784394,3,7,6
90.4,2036,Male,76.14784394,4,8,4
90.5,2036,Male,76.14784394,5,7,7
90.6,2036,Male,76.14784394,6,8,7
91,2037,Female,78.19301848,0,2,8
91.1,2037,Female,78.19301848,1,16,9
91.2,2037,Female,78.19301848,2,21,8
91.3,2037,Female,78.19301848,3,25,11
91.4,2037,Female,78.19301848,4,27,11
93,2039,Female,83.07460643,0,9,6
93.1,2039,Female,83.07460643,1,14,8
93.2,2039,Female,83.07460643,2,16,9
93.3,2039,Female,83.07460643,3,19,10
93.4,2039,Female,83.07460643,4,22,10
93.5,2039,Female,83.07460643,5,23,11
93.6,2039,Female,83.07460643,6,24,9
95,2041,Male,82.82272416,0,2,3
95.1,2041,Male,82.82272416,1,6,5
95.2,2041,Male,82.82272416,2,6,5
95.3,2041,Male,82.82272416,3,4,5
95.4,2041,Male,82.82272416,4,6,3
95.5,2041,Male,82.82272416,5,8,5
95.6,2041,Male,82.82272416,6,5,5
96,2042,Male,74.4312115,0,8,3
96.1,2042,Male,74.4312115,1,12,6
96.2,2042,Male,74.4312115,2,14,7
96.3,2042,Male,74.4312115,3,17,6
96.4,2042,Male,74.4312115,4,19,7
96.5,2042,Male,74.4312115,5,15,9
96.6,2042,Male,74.4312115,6,22,8
97,2043,Male,82.40109514,0,6,6
97.1,2043,Male,82.40109514,1,6,6
97.2,2043,Male,82.40109514,2,9,7
97.3,2043,Male,82.40109514,3,7,9
97.4,2043,Male,82.40109514,4,8,10
97.5,2043,Male,82.40109514,5,8,10
97.6,2043,Male,82.40109514,6,9,11
102,2049,Male,71.87132101,0,4,3
102.1,2049,Male,71.87132101,1,3,6
102.2,2049,Male,71.87132101,2,6,6
102.3,2049,Male,71.87132101,3,9,5
102.4,2049,Male,71.87132101,4,10,6
102.5,2049,Male,71.87132101,5,11,6
102.6,2049,Male,71.87132101,6,11,7
103,2050,Male,75.77549624,0,9,9
103.1,2050,Male,75.77549624,1,12,10
103.2,2050,Male,75.77549624,2,17,10
103.3,2050,Male,75.77549624,3,17,12
103.4,2050,Male,75.77549624,4,15,14
103.5,2050,Male,75.77549624,5,13,14
103.6,2050,Male,75.77549624,6,17,14
108,2055,Male,82.81998631,0,4,4
108.1,2055,Male,82.81998631,1,9,5
108.2,2055,Male,82.81998631,2,15,8
108.3,2055,Male,82.81998631,3,16,8
108.4,2055,Male,82.81998631,4,18,6
108.5,2055,Male,82.81998631,5,22,11
108.6,2055,Male,82.81998631,6,23,11
111,3001,Female,80.01368925,0,5,6
111.1,3001,Female,80.01368925,1,10,5
111.2,3001,Female,80.01368925,2,14,9
111.3,3001,Female,80.01368925,3,17,10
111.4,3001,Female,80.01368925,4,22,10
111.5,3001,Female,80.01368925,5,20,12
111.6,3001,Female,80.01368925,6,19,11
113,3003,Male,75.40041068,0,6,8
113.1,3003,Male,75.40041068,1,10,10
113.2,3003,Male,75.40041068,2,11,13
113.3,3003,Male,75.40041068,3,14,16
113.4,3003,Male,75.40041068,4,14,17
113.5,3003,Male,75.40041068,5,13,14
113.6,3003,Male,75.40041068,6,14,13
115,3005,Male,74.89390828,0,6,5
115.1,3005,Male,74.89390828,1,10,6
115.2,3005,Male,74.89390828,2,13,6
115.3,3005,Male,74.89390828,3,13,4
115.4,3005,Male,74.89390828,4,18,9
115.5,3005,Male,74.89390828,5,16,9
115.6,3005,Male,74.89390828,6,21,8
117,3008,Female,74.4366872,0,6,5
117.1,3008,Female,74.4366872,1,10,5
117.2,3008,Female,74.4366872,2,14,3
117.3,3008,Female,74.4366872,3,17,2
117.4,3008,Female,74.4366872,4,17,6
117.5,3008,Female,74.4366872,5,15,7
117.6,3008,Female,74.4366872,6,19,8
118,3009,Female,71.84941821,0,4,3
118.1,3009,Female,71.84941821,1,9,7
118.2,3009,Female,71.84941821,2,15,8
118.3,3009,Female,71.84941821,3,12,10
118.4,3009,Female,71.84941821,4,18,9
118.5,3009,Female,71.84941821,5,17,8
118.6,3009,Female,71.84941821,6,19,10
119,3010,Female,80.76933607,0,3,3
119.1,3010,Female,80.76933607,1,11,3
119.2,3010,Female,80.76933607,2,13,8
119.3,3010,Female,80.76933607,3,11,9
119.4,3010,Female,80.76933607,4,14,10
119.5,3010,Female,80.76933607,5,19,9
119.6,3010,Female,80.76933607,6,20,8
120,3011,Female,71.07186858,0,8,8
120.1,3011,Female,71.07186858,1,10,8
120.2,3011,Female,71.07186858,2,14,10
120.3,3011,Female,71.07186858,3,18,11
120.4,3011,Female,71.07186858,4,19,13
120.5,3011,Female,71.07186858,5,20,13
120.6,3011,Female,71.07186858,6,23,16
122,3013,Male,76.39972621,0,5,5
122.1,3013,Male,76.39972621,1,8,8
122.2,3013,Male,76.39972621,2,8,10
122.3,3013,Male,76.39972621,3,11,11
122.4,3013,Male,76.39972621,4,14,7
122.5,3013,Male,76.39972621,5,14,9
122.6,3013,Male,76.39972621,6,14,13
123,3014,Male,80.78850103,0,4,0
123.1,3014,Male,80.78850103,1,7,3
123.2,3014,Male,80.78850103,2,6,2
123.3,3014,Male,80.78850103,3,7,3
123.4,3014,Male,80.78850103,4,9,1
123.5,3014,Male,80.78850103,5,14,2
123.6,3014,Male,80.78850103,6,11,1
125,3017,Male,72.53114305,0,10,5
125.1,3017,Male,72.53114305,1,12,6
125.2,3017,Male,72.53114305,2,13,9
125.3,3017,Male,72.53114305,3,20,8
125.4,3017,Male,72.53114305,4,20,9
125.5,3017,Male,72.53114305,5,23,9
125.6,3017,Male,72.53114305,6,22,9
126,3018,Male,71.39767283,0,7,2
126.1,3018,Male,71.39767283,1,11,7
126.2,3018,Male,71.39767283,2,15,7
126.3,3018,Male,71.39767283,3,17,9
126.4,3018,Male,71.39767283,4,18,10
126.5,3018,Male,71.39767283,5,18,9
126.6,3018,Male,71.39767283,6,21,9
132,3025,Male,81.27857632,0,7,2
132.1,3025,Male,81.27857632,1,11,2
132.2,3025,Male,81.27857632,2,13,3
132.3,3025,Male,81.27857632,3,17,2
132.4,3025,Male,81.27857632,4,18,3
132.5,3025,Male,81.27857632,5,23,3
132.6,3025,Male,81.27857632,6,21,4
134,3028,Male,75.8220397,0,6,4
134.1,3028,Male,75.8220397,1,12,3
134.2,3028,Male,75.8220397,2,14,7
134.3,3028,Male,75.8220397,3,18,8
134.4,3028,Male,75.8220397,4,22,9
134.5,3028,Male,75.8220397,5,24,11
134.6,3028,Male,75.8220397,6,22,10
135,3029,Female,81.31964408,0,7,3
135.1,3029,Female,81.31964408,1,13,3
135.2,3029,Female,81.31964408,2,13,2
135.3,3029,Female,81.31964408,3,12,5
135.4,3029,Female,81.31964408,4,11,6
135.5,3029,Female,81.31964408,5,17,5
135.6,3029,Female,81.31964408,6,19,4
138,3033,Male,84.97193703,0,4,4
138.1,3033,Male,84.97193703,1,5,6
138.2,3033,Male,84.97193703,2,7,8
138.3,3033,Male,84.97193703,3,8,8
138.4,3033,Male,84.97193703,4,8,10
138.5,3033,Male,84.97193703,5,13,10
138.6,3033,Male,84.97193703,6,12,13
139,3034,Male,82.53524983,0,5,4
139.1,3034,Male,82.53524983,1,5,5
139.2,3034,Male,82.53524983,2,9,9
139.3,3034,Male,82.53524983,3,15,10
139.4,3034,Male,82.53524983,4,15,9
139.5,3034,Male,82.53524983,5,18,8
139.6,3034,Male,82.53524983,6,15,12
141,3036,Female,75.89048597,0,2,4
141.1,3036,Female,75.89048597,1,9,4
141.2,3036,Female,75.89048597,2,12,8
141.3,3036,Female,75.89048597,3,14,7
141.4,3036,Female,75.89048597,4,17,9
141.5,3036,Female,75.89048597,5,20,11
141.6,3036,Female,75.89048597,6,18,12
143,3038,Female,79.18138261,0,1,6
143.1,3038,Female,79.18138261,1,5,5
143.2,3038,Female,79.18138261,2,7,5
143.3,3038,Female,79.18138261,3,5,7
143.4,3038,Female,79.18138261,4,8,5
143.5,3038,Female,79.18138261,5,9,7
143.6,3038,Female,79.18138261,6,8,9
144,3039,Male,82.22861054,0,6,0
144.1,3039,Male,82.22861054,1,10,4
144.2,3039,Male,82.22861054,2,13,5
144.3,3039,Male,82.22861054,3,17,5
144.4,3039,Male,82.22861054,4,22,9
144.5,3039,Male,82.22861054,5,19,11
144.6,3039,Male,82.22861054,6,21,10
145,3040,Female,81.09787817,0,2,6
145.1,3040,Female,81.09787817,1,4,7
145.2,3040,Female,81.09787817,2,9,7
145.3,3040,Female,81.09787817,3,9,7
145.4,3040,Female,81.09787817,4,9,10
145.5,3040,Female,81.09787817,5,13,10
145.6,3040,Female,81.09787817,6,15,10
148,3043,Male,70.50787132,0,6,10
148.1,3043,Male,70.50787132,1,12,12
148.2,3043,Male,70.50787132,2,17,14
148.3,3043,Male,70.50787132,3,19,15
148.4,3043,Male,70.50787132,4,20,14
148.5,3043,Male,70.50787132,5,23,15
148.6,3043,Male,70.50787132,6,24,16
150,3045,Female,83.78370979,0,9,2
150.1,3045,Female,83.78370979,1,11,3
150.2,3045,Female,83.78370979,2,13,4
150.3,3045,Female,83.78370979,3,12,4
150.4,3045,Female,83.78370979,4,16,7
150.5,3045,Female,83.78370979,5,18,9
150.6,3045,Female,83.78370979,6,19,10
152,3047,Male,84.65434634,0,3,5
152.1,3047,Male,84.65434634,1,11,7
152.2,3047,Male,84.65434634,2,16,11
152.3,3047,Male,84.65434634,3,14,13
152.4,3047,Male,84.65434634,4,16,14
152.5,3047,Male,84.65434634,5,17,14
152.6,3047,Male,84.65434634,6,25,13
153,3048,Male,74.90485969,0,6,6
153.1,3048,Male,74.90485969,1,12,9
153.2,3048,Male,74.90485969,2,14,12
153.3,3048,Male,74.90485969,3,13,11
153.4,3048,Male,74.90485969,4,16,11
153.5,3048,Male,74.90485969,5,17,13
153.6,3048,Male,74.90485969,6,18,12
154,3049,Male,75.8329911,0,5,1
154.1,3049,Male,75.8329911,1,11,3
154.2,3049,Male,75.8329911,2,11,4
154.3,3049,Male,75.8329911,3,12,6
154.4,3049,Male,75.8329911,4,11,3
154.5,3049,Male,75.8329911,5,12,5
154.6,3049,Male,75.8329911,6,16,5
162,3058,Male,77.67556468,0,11,8
162.1,3058,Male,77.67556468,1,13,9
162.2,3058,Male,77.67556468,2,18,10
162.3,3058,Male,77.67556468,3,21,12
162.4,3058,Male,77.67556468,4,21,12
162.5,3058,Male,77.67556468,5,27,14
162.6,3058,Male,77.67556468,6,24,15
163,3059,Female,70.72416153,0,7,8
163.1,3059,Female,70.72416153,1,15,11
163.2,3059,Female,70.72416153,2,21,10
163.3,3059,Female,70.72416153,3,24,12
163.4,3059,Female,70.72416153,4,23,12
163.5,3059,Female,70.72416153,5,25,15
163.6,3059,Female,70.72416153,6,27,11
164,3060,Male,74.28062971,0,4,8
164.1,3060,Male,74.28062971,1,10,11
164.2,3060,Male,74.28062971,2,10,12
164.3,3060,Male,74.28062971,3,16,13
164.4,3060,Male,74.28062971,4,14,14
164.5,3060,Male,74.28062971,5,13,15
164.6,3060,Male,74.28062971,6,16,15
171,3067,Female,85.06228611,0,3,3
171.1,3067,Female,85.06228611,1,8,3
171.2,3067,Female,85.06228611,2,9,3
171.3,3067,Female,85.06228611,3,12,3
171.4,3067,Female,85.06228611,4,15,4
171.5,3067,Female,85.06228611,5,14,4
171.6,3067,Female,85.06228611,6,16,3
173,3069,Male,85.30869268,0,2,8
173.1,3069,Male,85.30869268,1,4,8
173.2,3069,Male,85.30869268,2,6,9
173.3,3069,Male,85.30869268,3,7,9
173.4,3069,Male,85.30869268,4,9,10
173.5,3069,Male,85.30869268,5,5,10
173.6,3069,Male,85.30869268,6,8,11
175,3071,Female,73.36071184,0,5,1
175.1,3071,Female,73.36071184,1,6,3
175.2,3071,Female,73.36071184,2,7,6
175.3,3071,Female,73.36071184,3,8,5
175.4,3071,Female,73.36071184,4,10,8
175.5,3071,Female,73.36071184,5,11,7
175.6,3071,Female,73.36071184,6,8,4
177,3073,Male,73.95482546,0,10,6
177.1,3073,Male,73.95482546,1,13,7
177.2,3073,Male,73.95482546,2,18,9
177.3,3073,Male,73.95482546,3,19,10
177.4,3073,Male,73.95482546,4,26,10
177.5,3073,Male,73.95482546,5,21,11
177.6,3073,Male,73.95482546,6,24,12
178,3074,Female,81.65913758,0,2,4
178.1,3074,Female,81.65913758,1,5,7
178.2,3074,Female,81.65913758,2,8,8
178.3,3074,Female,81.65913758,3,15,9
178.4,3074,Female,81.65913758,4,12,9
178.5,3074,Female,81.65913758,5,12,10
178.6,3074,Female,81.65913758,6,15,9
180,3077,Male,76.74743326,0,5,6
180.1,3077,Male,76.74743326,1,13,7
180.2,3077,Male,76.74743326,2,12,5
180.3,3077,Male,76.74743326,3,15,8
180.4,3077,Male,76.74743326,4,16,8
180.5,3077,Male,76.74743326,5,20,9
180.6,3077,Male,76.74743326,6,24,8
181,3078,Male,70.85010267,0,3,1
181.1,3078,Male,70.85010267,1,8,5
181.2,3078,Male,70.85010267,2,10,7
181.3,3078,Male,70.85010267,3,8,9
181.4,3078,Male,70.85010267,4,14,8
181.5,3078,Male,70.85010267,5,12,9
181.6,3078,Male,70.85010267,6,13,11
184,3081,Male,83.34839151,0,3,1
184.1,3081,Male,83.34839151,1,8,2
184.2,3081,Male,83.34839151,2,14,2
184.3,3081,Male,83.34839151,3,11,2
184.4,3081,Male,83.34839151,4,17,2
184.5,3081,Male,83.34839151,5,14,5
184.6,3081,Male,83.34839151,6,20,3
185,3082,Male,81.14989733,0,7,4
185.1,3082,Male,81.14989733,1,12,6
185.2,3082,Male,81.14989733,2,16,9
185.3,3082,Male,81.14989733,3,18,8
185.4,3082,Male,81.14989733,4,21,10
185.5,3082,Male,81.14989733,5,23,10
185.6,3082,Male,81.14989733,6,25,12
188,4001,Male,78.62833676,0,9,6
188.1,4001,Male,78.62833676,1,12,11
188.2,4001,Male,78.62833676,2,15,13
188.3,4001,Male,78.62833676,3,20,15
188.4,4001,Male,78.62833676,4,23,16
188.5,4001,Male,78.62833676,5,24,16
188.6,4001,Male,78.62833676,6,24,15
189,4002,Female,82.56262834,0,10,4
189.1,4002,Female,82.56262834,1,11,4
189.2,4002,Female,82.56262834,2,14,6
189.3,4002,Female,82.56262834,3,19,6
189.4,4002,Female,82.56262834,4,16,10
189.5,4002,Female,82.56262834,5,17,12
189.6,4002,Female,82.56262834,6,20,13
191,4004,Female,77.38809035,0,7,4
191.1,4004,Female,77.38809035,1,17,5
191.2,4004,Female,77.38809035,2,21,7
191.3,4004,Female,77.38809035,3,20,7
191.4,4004,Female,77.38809035,4,25,7
191.5,4004,Female,77.38809035,5,22,8
191.6,4004,Female,77.38809035,6,26,9
192,4005,Female,75.63039014,0,6,4
192.1,4005,Female,75.63039014,1,13,5
192.2,4005,Female,75.63039014,2,20,8
192.3,4005,Female,75.63039014,3,21,8
192.4,4005,Female,75.63039014,4,26,10
192.5,4005,Female,75.63039014,5,26,9
192.6,4005,Female,75.63039014,6,27,10
193,4006,Male,80.70362765,0,3,3
193.1,4006,Male,80.70362765,1,12,6
193.2,4006,Male,80.70362765,2,17,7
193.3,4006,Male,80.70362765,3,21,8
193.4,4006,Male,80.70362765,4,18,9
193.5,4006,Male,80.70362765,5,23,10
193.6,4006,Male,80.70362765,6,26,9
194,4007,Male,70.90485969,0,11,7
194.1,4007,Male,70.90485969,1,14,10
194.2,4007,Male,70.90485969,2,17,9
194.3,4007,Male,70.90485969,3,21,12
194.4,4007,Male,70.90485969,4,23,15
194.5,4007,Male,70.90485969,5,26,16
194.6,4007,Male,70.90485969,6,27,15
196,4009,Female,71.56194387,0,7,7
196.1,4009,Female,71.56194387,1,8,9
196.2,4009,Female,71.56194387,2,13,8
196.3,4009,Female,71.56194387,3,19,9
196.4,4009,Female,71.56194387,4,15,10
196.5,4009,Female,71.56194387,5,18,10
196.6,4009,Female,71.56194387,6,16,11
200,4013,Female,80.6954141,0,6,2
200.1,4013,Female,80.6954141,1,10,2
200.2,4013,Female,80.6954141,2,10,2
200.3,4013,Female,80.6954141,3,12,2
200.4,4013,Female,80.6954141,4,16,4
200.5,4013,Female,80.6954141,5,13,2
200.6,4013,Female,80.6954141,6,20,5
201,4014,Female,77.50581793,0,4,9
201.1,4014,Female,77.50581793,1,12,11
201.2,4014,Female,77.50581793,2,15,10
201.3,4014,Female,77.50581793,3,18,11
201.4,4014,Female,77.50581793,4,20,12
201.5,4014,Female,77.50581793,5,17,12
201.6,4014,Female,77.50581793,6,22,12
202,4015,Female,75.43326489,0,7,5
202.1,4015,Female,75.43326489,1,14,9
202.2,4015,Female,75.43326489,2,18,8
202.3,4015,Female,75.43326489,3,19,9
202.4,4015,Female,75.43326489,4,21,8
202.5,4015,Female,75.43326489,5,24,7
202.6,4015,Female,75.43326489,6,24,12
206,4019,Male,75.34017796,0,8,4
206.1,4019,Male,75.34017796,1,11,4
206.2,4019,Male,75.34017796,2,10,6
206.3,4019,Male,75.34017796,3,16,10
206.4,4019,Male,75.34017796,4,12,8
206.5,4019,Male,75.34017796,5,18,9
206.6,4019,Male,75.34017796,6,16,11
208,4022,Female,74.71594798,0,4,7
208.1,4022,Female,74.71594798,1,8,9
208.2,4022,Female,74.71594798,2,13,11
208.3,4022,Female,74.71594798,3,11,12
208.4,4022,Female,74.71594798,4,16,12
208.5,4022,Female,74.71594798,5,15,11
208.6,4022,Female,74.71594798,6,17,13
213,4027,Male,83.16769336,0,3,5
213.1,4027,Male,83.16769336,1,8,7
213.2,4027,Male,83.16769336,2,13,8
213.3,4027,Male,83.16769336,3,12,5
213.4,4027,Male,83.16769336,4,16,5
213.5,4027,Male,83.16769336,5,19,8
213.6,4027,Male,83.16769336,6,24,6
214,4028,Male,82.83367556,0,7,3
214.1,4028,Male,82.83367556,1,12,5
214.2,4028,Male,82.83367556,2,17,4
214.3,4028,Male,82.83367556,3,19,9
214.4,4028,Male,82.83367556,4,23,9
214.5,4028,Male,82.83367556,5,23,7
214.6,4028,Male,82.83367556,6,23,9
215,4029,Male,76.8569473,0,4,0
215.1,4029,Male,76.8569473,1,6,4
215.2,4029,Male,76.8569473,2,8,6
215.3,4029,Male,76.8569473,3,10,4
215.4,4029,Male,76.8569473,4,11,5
215.5,4029,Male,76.8569473,5,11,3
215.6,4029,Male,76.8569473,6,8,7
216,4030,Male,79.19233402,0,5,7
216.1,4030,Male,79.19233402,1,6,9
216.2,4030,Male,79.19233402,2,8,6
216.3,4030,Male,79.19233402,3,10,9
216.4,4030,Male,79.19233402,4,11,10
216.5,4030,Male,79.19233402,5,14,11
216.6,4030,Male,79.19233402,6,18,12
217,4031,Male,78.81451061,0,3,2
217.1,4031,Male,78.81451061,1,14,6
217.2,4031,Male,78.81451061,2,17,8
217.3,4031,Male,78.81451061,3,17,8
217.4,4031,Male,78.81451061,4,20,9
217.5,4031,Male,78.81451061,5,21,10
217.6,4031,Male,78.81451061,6,27,9
224,4039,Male,77.47022587,0,3,4
224.1,4039,Male,77.47022587,1,10,5
224.2,4039,Male,77.47022587,2,16,5
224.3,4039,Male,77.47022587,3,16,7
224.4,4039,Male,77.47022587,4,18,8
224.5,4039,Male,77.47022587,5,17,8
224.6,4039,Male,77.47022587,6,16,10
225,4040,Male,79.36208077,0,11,6
225.1,4040,Male,79.36208077,1,16,10
225.2,4040,Male,79.36208077,2,15,11
225.3,4040,Male,79.36208077,3,19,14
225.4,4040,Male,79.36208077,4,21,15
225.5,4040,Male,79.36208077,5,22,14
225.6,4040,Male,79.36208077,6,24,14
226.1,4041,Female,82.66119097,1,2,3
226.2,4041,Female,82.66119097,2,6,3
226.3,4041,Female,82.66119097,3,7,3
226.4,4041,Female,82.66119097,4,8,3
226.5,4041,Female,82.66119097,5,8,4
226.6,4041,Female,82.66119097,6,10,4
228,4043,Female,81.74948665,0,3,4
228.1,4043,Female,81.74948665,1,8,3
228.2,4043,Female,81.74948665,2,10,3
228.3,4043,Female,81.74948665,3,12,4
228.4,4043,Female,81.74948665,4,15,8
228.5,4043,Female,81.74948665,5,14,11
228.6,4043,Female,81.74948665,6,15,9
229,4044,Female,83.78097194,0,6,3
229.1,4044,Female,83.78097194,1,6,7
229.2,4044,Female,83.78097194,2,10,6
229.3,4044,Female,83.78097194,3,11,7
229.4,4044,Female,83.78097194,4,13,6
229.5,4044,Female,83.78097194,5,15,8
229.6,4044,Female,83.78097194,6,15,9
231,4046,Male,84.59685147,0,4,5
231.1,4046,Male,84.59685147,1,10,7
231.2,4046,Male,84.59685147,2,12,8
231.3,4046,Male,84.59685147,3,12,9
231.4,4046,Male,84.59685147,4,21,8
231.5,4046,Male,84.59685147,5,22,11
231.6,4046,Male,84.59685147,6,22,12
235,4050,Female,79.10198494,0,3,1
235.1,4050,Female,79.10198494,1,6,2
235.2,4050,Female,79.10198494,2,9,3
235.3,4050,Female,79.10198494,3,9,4
235.4,4050,Female,79.10198494,4,9,5
235.5,4050,Female,79.10198494,5,11,4
235.6,4050,Female,79.10198494,6,12,4
236,4051,Male,81.40451745,0,3,4
236.1,4051,Male,81.40451745,1,8,8
236.2,4051,Male,81.40451745,2,15,8
236.3,4051,Male,81.40451745,3,13,9
236.4,4051,Male,81.40451745,4,16,11
236.5,4051,Male,81.40451745,5,17,11
236.6,4051,Male,81.40451745,6,16,11
238,4053,Female,75.94798084,0,4,0
238.1,4053,Female,75.94798084,1,13,3
238.2,4053,Female,75.94798084,2,17,6
238.3,4053,Female,75.94798084,3,17,6
238.4,4053,Female,75.94798084,4,18,6
238.5,4053,Female,75.94798084,5,17,7
238.6,4053,Female,75.94798084,6,15,9
239,4054,Male,81.23203285,0,3,3
239.1,4054,Male,81.23203285,1,9,5
239.2,4054,Male,81.23203285,2,11,7
239.3,4054,Male,81.23203285,3,9,6
239.4,4054,Male,81.23203285,4,13,9
239.5,4054,Male,81.23203285,5,13,10
239.6,4054,Male,81.23203285,6,15,10
245,4060,Female,76.8733744,0,3,4
245.1,4060,Female,76.8733744,1,6,6
245.2,4060,Female,76.8733744,2,6,7
245.3,4060,Female,76.8733744,3,8,5
245.4,4060,Female,76.8733744,4,10,6
245.5,4060,Female,76.8733744,5,12,8
245.6,4060,Female,76.8733744,6,13,8
248,4063,Male,83.49623546,0,7,3
248.1,4063,Male,83.49623546,1,7,5
248.2,4063,Male,83.49623546,2,12,5
248.3,4063,Male,83.49623546,3,12,7
248.4,4063,Male,83.49623546,4,16,6
248.5,4063,Male,83.49623546,5,15,7
248.6,4063,Male,83.49623546,6,14,4
249,4064,Male,72.90896646,0,5,5
249.1,4064,Male,72.90896646,1,11,6
249.2,4064,Male,72.90896646,2,14,6
249.3,4064,Male,72.90896646,3,17,6
249.4,4064,Male,72.90896646,4,19,9
249.5,4064,Male,72.90896646,5,22,9
249.6,4064,Male,72.90896646,6,20,12
251,4067,Male,84.52566735,0,4,1
251.1,4067,Male,84.52566735,1,7,1
251.2,4067,Male,84.52566735,2,6,1
251.3,4067,Male,84.52566735,3,13,2
251.4,4067,Male,84.52566735,4,11,2
251.5,4067,Male,84.52566735,5,13,2
251.6,4067,Male,84.52566735,6,17,3
252,4068,Male,75.52087611,0,3,10
252.1,4068,Male,75.52087611,1,14,11
252.2,4068,Male,75.52087611,2,14,13
252.3,4068,Male,75.52087611,3,15,14
252.4,4068,Male,75.52087611,4,21,13
252.5,4068,Male,75.52087611,5,25,15
252.6,4068,Male,75.52087611,6,23,14
256,4072,Female,71.45790554,0,1,4
256.1,4072,Female,71.45790554,1,8,6
256.2,4072,Female,71.45790554,2,12,6
256.3,4072,Female,71.45790554,3,16,10
256.4,4072,Female,71.45790554,4,15,10
256.5,4072,Female,71.45790554,5,17,10
256.6,4072,Female,71.45790554,6,20,12
257,5001,Female,74.88295688,0,7,1
257.1,5001,Female,74.88295688,1,13,3
257.2,5001,Female,74.88295688,2,15,5
257.3,5001,Female,74.88295688,3,17,4
257.4,5001,Female,74.88295688,4,16,7
257.5,5001,Female,74.88295688,5,22,7
257.6,5001,Female,74.88295688,6,19,10
259,5003,Female,77.89185489,0,8,6
259.1,5003,Female,77.89185489,1,9,7
259.2,5003,Female,77.89185489,2,14,6
259.3,5003,Female,77.89185489,3,14,9
259.4,5003,Female,77.89185489,4,14,9
259.5,5003,Female,77.89185489,5,16,9
259.6,5003,Female,77.89185489,6,19,10
260,5004,Female,75.14852841,0,10,5
260.1,5004,Female,75.14852841,1,17,8
260.2,5004,Female,75.14852841,2,18,8
260.3,5004,Female,75.14852841,3,20,9
260.4,5004,Female,75.14852841,4,22,10
260.5,5004,Female,75.14852841,5,22,12
260.6,5004,Female,75.14852841,6,23,13
261,5005,Female,74.35181383,0,6,7
261.1,5005,Female,74.35181383,1,13,8
261.2,5005,Female,74.35181383,2,16,10
261.3,5005,Female,74.35181383,3,17,10
261.4,5005,Female,74.35181383,4,16,12
261.5,5005,Female,74.35181383,5,19,11
261.6,5005,Female,74.35181383,6,21,11
263,5007,Male,71.11293634,0,5,7
263.1,5007,Male,71.11293634,1,8,6
263.2,5007,Male,71.11293634,2,8,7
263.3,5007,Male,71.11293634,3,10,9
263.4,5007,Male,71.11293634,4,13,9
263.5,5007,Male,71.11293634,5,16,10
263.6,5007,Male,71.11293634,6,16,10
265,5009,Male,76.02464066,0,7,3
265.1,5009,Male,76.02464066,1,15,6
265.2,5009,Male,76.02464066,2,16,7
265.3,5009,Male,76.02464066,3,19,7
265.4,5009,Male,76.02464066,4,22,10
265.5,5009,Male,76.02464066,5,22,11
265.6,5009,Male,76.02464066,6,25,11
267.1,5011,Female,76.43531828,1,7,4
267.2,5011,Female,76.43531828,2,10,4
267.3,5011,Female,76.43531828,3,12,5
267.4,5011,Female,76.43531828,4,16,5
267.5,5011,Female,76.43531828,5,20,5
267.6,5011,Female,76.43531828,6,21,3
268,5012,Male,79.72895277,0,7,5
268.1,5012,Male,79.72895277,1,12,10
268.2,5012,Male,79.72895277,2,18,10
268.3,5012,Male,79.72895277,3,17,13
268.4,5012,Male,79.72895277,4,19,16
268.5,5012,Male,79.72895277,5,20,16
268.6,5012,Male,79.72895277,6,19,14
269,5013,Female,82.27789185,0,8,5
269.1,5013,Female,82.27789185,1,13,6
269.2,5013,Female,82.27789185,2,15,8
269.3,5013,Female,82.27789185,3,19,9
269.4,5013,Female,82.27789185,4,22,11
269.5,5013,Female,82.27789185,5,24,10
269.6,5013,Female,82.27789185,6,19,12
271,5015,Female,70.6146475,0,7,3
271.1,5015,Female,70.6146475,1,12,6
271.2,5015,Female,70.6146475,2,15,4
271.3,5015,Female,70.6146475,3,16,5
271.4,5015,Female,70.6146475,4,20,6
271.5,5015,Female,70.6146475,5,21,8
271.6,5015,Female,70.6146475,6,19,8
272,5016,Male,75.03901437,0,13,8
272.1,5016,Male,75.03901437,1,18,11
272.2,5016,Male,75.03901437,2,19,12
272.3,5016,Male,75.03901437,3,26,11
272.4,5016,Male,75.03901437,4,21,12
272.5,5016,Male,75.03901437,5,27,14
272.6,5016,Male,75.03901437,6,26,11
273,5017,Male,79.90691307,0,6,6
273.1,5017,Male,79.90691307,1,10,6
273.2,5017,Male,79.90691307,2,17,8
273.3,5017,Male,79.90691307,3,17,9
273.4,5017,Male,79.90691307,4,18,9
273.5,5017,Male,79.90691307,5,24,7
273.6,5017,Male,79.90691307,6,25,10
276,5020,Female,71.46338125,0,9,3
276.1,5020,Female,71.46338125,1,14,6
276.2,5020,Female,71.46338125,2,16,6
276.3,5020,Female,71.46338125,3,18,8
276.4,5020,Female,71.46338125,4,20,8
276.5,5020,Female,71.46338125,5,21,11
276.6,5020,Female,71.46338125,6,21,9
277,5021,Male,73.31964408,0,7,8
277.1,5021,Male,73.31964408,1,10,10
277.2,5021,Male,73.31964408,2,13,9
277.3,5021,Male,73.31964408,3,17,9
277.4,5021,Male,73.31964408,4,18,10
277.5,5021,Male,73.31964408,5,20,11
277.6,5021,Male,73.31964408,6,22,11
278,5022,Male,78.51882272,0,4,5
278.1,5022,Male,78.51882272,1,7,5
278.2,5022,Male,78.51882272,2,5,7
278.3,5022,Male,78.51882272,3,14,8
278.4,5022,Male,78.51882272,4,14,10
278.5,5022,Male,78.51882272,5,18,11
278.6,5022,Male,78.51882272,6,19,13
279,5023,Female,73.41820671,0,9,10
279.1,5023,Female,73.41820671,1,18,11
279.2,5023,Female,73.41820671,2,19,13
279.3,5023,Female,73.41820671,3,24,14
279.4,5023,Female,73.41820671,4,27,11
279.5,5023,Female,73.41820671,5,26,13
279.6,5023,Female,73.41820671,6,26,14
283,5027,Female,72.7008898,0,9,4
283.1,5027,Female,72.7008898,1,17,7
283.2,5027,Female,72.7008898,2,21,9
283.3,5027,Female,72.7008898,3,21,11
283.4,5027,Female,72.7008898,4,25,10
283.5,5027,Female,72.7008898,5,23,11
283.6,5027,Female,72.7008898,6,20,12
284,5028,Male,71.26625599,0,8,3
284.1,5028,Male,71.26625599,1,15,7
284.2,5028,Male,71.26625599,2,17,4
284.3,5028,Male,71.26625599,3,17,9
284.4,5028,Male,71.26625599,4,18,9
284.5,5028,Male,71.26625599,5,21,10
284.6,5028,Male,71.26625599,6,21,10
286,5030,Female,70.9705681,0,11,5
286.1,5030,Female,70.9705681,1,20,5
286.2,5030,Female,70.9705681,2,26,8
286.3,5030,Female,70.9705681,3,27,7
286.4,5030,Female,70.9705681,4,26,6
286.5,5030,Female,70.9705681,5,27,7
286.6,5030,Female,70.9705681,6,26,9
288,5032,Female,71.34291581,0,6,2
288.1,5032,Female,71.34291581,1,11,4
288.2,5032,Female,71.34291581,2,13,6
288.3,5032,Female,71.34291581,3,15,8
288.4,5032,Female,71.34291581,4,18,8
288.5,5032,Female,71.34291581,5,22,9
288.6,5032,Female,71.34291581,6,22,11
289,5034,Male,78.11088296,0,9,3
289.1,5034,Male,78.11088296,1,17,3
289.2,5034,Male,78.11088296,2,17,3
289.3,5034,Male,78.11088296,3,22,4
289.4,5034,Male,78.11088296,4,20,4
289.5,5034,Male,78.11088296,5,22,2
289.6,5034,Male,78.11088296,6,23,4
291,5037,Female,77.97399042,0,10,6
291.1,5037,Female,77.97399042,1,10,8
291.2,5037,Female,77.97399042,2,17,7
291.3,5037,Female,77.97399042,3,13,9
291.4,5037,Female,77.97399042,4,14,8
291.5,5037,Female,77.97399042,5,19,10
291.6,5037,Female,77.97399042,6,20,7
292,5038,Female,76.01916496,0,8,4
292.1,5038,Female,76.01916496,1,12,5
292.2,5038,Female,76.01916496,2,15,10
292.3,5038,Female,76.01916496,3,18,9
292.4,5038,Female,76.01916496,4,21,11
292.5,5038,Female,76.01916496,5,21,11
292.6,5038,Female,76.01916496,6,26,12
293,5039,Female,76.81314168,0,9,6
293.1,5039,Female,76.81314168,1,13,9
293.2,5039,Female,76.81314168,2,13,10
293.3,5039,Female,76.81314168,3,15,9
293.4,5039,Female,76.81314168,4,15,10
293.5,5039,Female,76.81314168,5,14,8
293.6,5039,Female,76.81314168,6,16,10
300,5047,Male,76.61875428,0,6,7
300.1,5047,Male,76.61875428,1,8,9
300.2,5047,Male,76.61875428,2,5,9
300.3,5047,Male,76.61875428,3,9,11
300.4,5047,Male,76.61875428,4,8,10
300.5,5047,Male,76.61875428,5,10,11
300.6,5047,Male,76.61875428,6,13,12
301,5048,Female,82.25598905,0,9,2
301.1,5048,Female,82.25598905,1,12,4
301.2,5048,Female,82.25598905,2,13,6
301.3,5048,Female,82.25598905,3,17,8
301.4,5048,Female,82.25598905,4,18,9
301.5,5048,Female,82.25598905,5,20,7
301.6,5048,Female,82.25598905,6,16,7
303,5050,Male,71.02532512,0,8,6
303.1,5050,Male,71.02532512,1,11,6
303.2,5050,Male,71.02532512,2,15,6
303.3,5050,Male,71.02532512,3,18,5
303.4,5050,Male,71.02532512,4,14,9
303.5,5050,Male,71.02532512,5,19,9
303.6,5050,Male,71.02532512,6,21,9
305,5052,Male,76.62696783,0,5,10
305.1,5052,Male,76.62696783,1,10,9
305.2,5052,Male,76.62696783,2,10,8
305.3,5052,Male,76.62696783,3,11,9
305.4,5052,Male,76.62696783,4,12,9
305.5,5052,Male,76.62696783,5,14,13
305.6,5052,Male,76.62696783,6,15,12
307,5054,Male,76.8733744,0,2,3
307.1,5054,Male,76.8733744,1,5,4
307.2,5054,Male,76.8733744,2,9,3
307.3,5054,Male,76.8733744,3,9,4
307.4,5054,Male,76.8733744,4,15,2
307.5,5054,Male,76.8733744,5,10,4
307.6,5054,Male,76.8733744,6,15,6
310,5057,Male,71.99726215,0,8,7
310.1,5057,Male,71.99726215,1,13,10
310.2,5057,Male,71.99726215,2,17,9
310.3,5057,Male,71.99726215,3,20,11
310.4,5057,Male,71.99726215,4,22,13
310.5,5057,Male,71.99726215,5,23,14
310.6,5057,Male,71.99726215,6,26,12
311,5058,Male,83.43874059,0,8,8
311.1,5058,Male,83.43874059,1,14,9
311.2,5058,Male,83.43874059,2,22,11
311.3,5058,Male,83.43874059,3,20,14
311.4,5058,Male,83.43874059,4,21,15
311.5,5058,Male,83.43874059,5,22,17
311.6,5058,Male,83.43874059,6,23,17
314,5061,Male,81.11430527,0,3,4
314.1,5061,Male,81.11430527,1,10,5
314.2,5061,Male,81.11430527,2,14,8
314.3,5061,Male,81.11430527,3,16,6
314.4,5061,Male,81.11430527,4,20,9
314.5,5061,Male,81.11430527,5,15,11
314.6,5061,Male,81.11430527,6,16,10
316,5063,Male,84.32032854,0,5,3
316.1,5063,Male,84.32032854,1,7,4
316.2,5063,Male,84.32032854,2,8,7
316.3,5063,Male,84.32032854,3,10,8
316.4,5063,Male,84.32032854,4,14,10
316.5,5063,Male,84.32032854,5,10,10
316.6,5063,Male,84.32032854,6,17,10
319,5066,Female,78.28062971,0,8,3
319.1,5066,Female,78.28062971,1,10,5
319.2,5066,Female,78.28062971,2,14,6
319.3,5066,Female,78.28062971,3,19,7
319.4,5066,Female,78.28062971,4,21,7
319.5,5066,Female,78.28062971,5,22,8
319.6,5066,Female,78.28062971,6,25,11
320,5067,Male,76.37508556,0,6,2
320.1,5067,Male,76.37508556,1,7,4
320.2,5067,Male,76.37508556,2,11,7
320.3,5067,Male,76.37508556,3,12,7
320.4,5067,Male,76.37508556,4,11,8
320.5,5067,Male,76.37508556,5,14,9
320.6,5067,Male,76.37508556,6,13,8
321,5069,Male,83.27446954,0,7,3
321.1,5069,Male,83.27446954,1,13,5
321.2,5069,Male,83.27446954,2,15,7
321.3,5069,Male,83.27446954,3,21,7
321.4,5069,Male,83.27446954,4,21,7
321.5,5069,Male,83.27446954,5,19,6
321.6,5069,Male,83.27446954,6,23,6
322,5070,Male,81.0403833,0,6,2
322.1,5070,Male,81.0403833,1,11,2
322.2,5070,Male,81.0403833,2,12,3
322.3,5070,Male,81.0403833,3,12,4
322.4,5070,Male,81.0403833,4,15,5
322.5,5070,Male,81.0403833,5,14,5
322.6,5070,Male,81.0403833,6,16,5
323,6001,Male,71.60027379,0,1,6
323.1,6001,Male,71.60027379,1,6,8
323.2,6001,Male,71.60027379,2,10,8
323.3,6001,Male,71.60027379,3,8,10
323.4,6001,Male,71.60027379,4,12,13
323.5,6001,Male,71.60027379,5,9,12
323.6,6001,Male,71.60027379,6,13,13
324,6002,Female,79.75633128,0,4,2
324.1,6002,Female,79.75633128,1,7,2
324.2,6002,Female,79.75633128,2,8,3
324.3,6002,Female,79.75633128,3,13,4
324.4,6002,Female,79.75633128,4,14,3
324.5,6002,Female,79.75633128,5,15,4
324.6,6002,Female,79.75633128,6,17,5
325,6003,Female,73.80150582,0,7,7
325.1,6003,Female,73.80150582,1,10,8
325.2,6003,Female,73.80150582,2,14,6
325.3,6003,Female,73.80150582,3,13,9
325.4,6003,Female,73.80150582,4,18,7
325.5,6003,Female,73.80150582,5,17,10
325.6,6003,Female,73.80150582,6,17,10
326,6004,Female,73.34154689,0,7,2
326.1,6004,Female,73.34154689,1,9,6
326.2,6004,Female,73.34154689,2,14,7
326.3,6004,Female,73.34154689,3,16,9
326.4,6004,Female,73.34154689,4,21,10
326.5,6004,Female,73.34154689,5,23,9
326.6,6004,Female,73.34154689,6,23,10
329,6007,Female,75.99726215,0,5,2
329.1,6007,Female,75.99726215,1,7,4
329.2,6007,Female,75.99726215,2,11,3
329.3,6007,Female,75.99726215,3,15,6
329.4,6007,Female,75.99726215,4,18,8
329.5,6007,Female,75.99726215,5,19,7
329.6,6007,Female,75.99726215,6,21,8
331,6009,Male,77.2128679,0,1,8
331.1,6009,Male,77.2128679,1,3,9
331.2,6009,Male,77.2128679,2,7,9
331.3,6009,Male,77.2128679,3,10,14
331.4,6009,Male,77.2128679,4,9,15
331.5,6009,Male,77.2128679,5,4,14
331.6,6009,Male,77.2128679,6,5,16
333,6011,Male,75.03627652,0,10,7
333.1,6011,Male,75.03627652,1,14,6
333.2,6011,Male,75.03627652,2,16,9
333.3,6011,Male,75.03627652,3,20,10
333.4,6011,Male,75.03627652,4,16,8
333.5,6011,Male,75.03627652,5,19,12
333.6,6011,Male,75.03627652,6,22,11
335,6013,Male,75.08555784,0,5,2
335.1,6013,Male,75.08555784,1,10,1
335.2,6013,Male,75.08555784,2,9,2
335.3,6013,Male,75.08555784,3,13,1
335.4,6013,Male,75.08555784,4,11,2
335.5,6013,Male,75.08555784,5,12,3
335.6,6013,Male,75.08555784,6,13,3
337,6015,Female,85.27583847,0,5,6
337.1,6015,Female,85.27583847,1,9,9
337.2,6015,Female,85.27583847,2,12,10
337.3,6015,Female,85.27583847,3,19,11
337.4,6015,Female,85.27583847,4,22,8
337.5,6015,Female,85.27583847,5,19,8
337.6,6015,Female,85.27583847,6,22,10
341,6019,Male,72.5338809,0,3,1
341.1,6019,Male,72.5338809,1,13,6
341.2,6019,Male,72.5338809,2,19,9
341.3,6019,Male,72.5338809,3,21,11
341.4,6019,Male,72.5338809,4,22,9
341.5,6019,Male,72.5338809,5,24,9
341.6,6019,Male,72.5338809,6,25,14
342,6020,Male,81.01848049,0,6,2
342.1,6020,Male,81.01848049,1,9,1
342.2,6020,Male,81.01848049,2,11,3
342.3,6020,Male,81.01848049,3,11,2
342.4,6020,Male,81.01848049,4,12,4
342.5,6020,Male,81.01848049,5,13,4
342.6,6020,Male,81.01848049,6,16,3
345,6023,Female,70.23134839,0,8,9
345.1,6023,Female,70.23134839,1,10,12
345.2,6023,Female,70.23134839,2,13,12
345.3,6023,Female,70.23134839,3,14,12
345.4,6023,Female,70.23134839,4,18,13
345.5,6023,Female,70.23134839,5,19,13
345.6,6023,Female,70.23134839,6,23,14
346,6024,Male,78.45311431,0,2,3
346.1,6024,Male,78.45311431,1,9,5
346.2,6024,Male,78.45311431,2,7,4
346.3,6024,Male,78.45311431,3,12,6
346.4,6024,Male,78.45311431,4,17,5
346.5,6024,Male,78.45311431,5,16,7
346.6,6024,Male,78.45311431,6,21,6
348,6026,Male,80.78028747,0,6,3
348.1,6026,Male,80.78028747,1,12,6
348.2,6026,Male,80.78028747,2,15,5
348.3,6026,Male,80.78028747,3,16,8
348.4,6026,Male,80.78028747,4,15,9
348.5,6026,Male,80.78028747,5,19,7
348.6,6026,Male,80.78028747,6,21,8
355,6033,Female,83.76180698,0,4,3
355.1,6033,Female,83.76180698,1,7,6
355.2,6033,Female,83.76180698,2,10,5
355.3,6033,Female,83.76180698,3,13,6
355.4,6033,Female,83.76180698,4,13,2
355.5,6033,Female,83.76180698,5,14,4
355.6,6033,Female,83.76180698,6,12,6
356,6034,Female,83.43052704,0,3,1
356.1,6034,Female,83.43052704,1,11,3
356.2,6034,Female,83.43052704,2,13,4
356.3,6034,Female,83.43052704,3,17,4
356.4,6034,Female,83.43052704,4,20,4
356.5,6034,Female,83.43052704,5,19,5
356.6,6034,Female,83.43052704,6,21,6
358,6036,Male,76.79671458,0,6,5
358.1,6036,Male,76.79671458,1,9,6
358.2,6036,Male,76.79671458,2,11,7
358.3,6036,Male,76.79671458,3,12,8
358.4,6036,Male,76.79671458,4,13,11
358.5,6036,Male,76.79671458,5,15,9
358.6,6036,Male,76.79671458,6,18,11
359,6037,Female,84.76659822,0,6,5
359.1,6037,Female,84.76659822,1,14,6
359.2,6037,Female,84.76659822,2,10,6
359.3,6037,Female,84.76659822,3,17,6
359.4,6037,Female,84.76659822,4,14,9
359.5,6037,Female,84.76659822,5,17,9
359.6,6037,Female,84.76659822,6,21,10
362,6040,Male,79.22245038,0,2,3
362.1,6040,Male,79.22245038,1,9,2
362.2,6040,Male,79.22245038,2,8,5
362.3,6040,Male,79.22245038,3,9,5
362.4,6040,Male,79.22245038,4,10,6
362.5,6040,Male,79.22245038,5,12,8
362.6,6040,Male,79.22245038,6,10,8
